<?xml version="1.0" encoding="UTF-8"?>
<project-private xmlns="http://www.netbeans.org/ns/project-private/1">
    <editor-bookmarks xmlns="http://www.netbeans.org/ns/editor-bookmarks/2" lastBookmarkId="0"/>
    <open-files xmlns="http://www.netbeans.org/ns/projectui-open-files/2">
        <group>
            <file>file:/E:/netbeans/Bootstrap_Assignment/public_html/settings.html</file>
            <file>file:/E:/netbeans/Bootstrap_Assignment/public_html/login%20page.html</file>
            <file>file:/E:/netbeans/Bootstrap_Assignment/public_html/index.html</file>
            <file>file:/E:/netbeans/Bootstrap_Assignment/public_html/signup.html</file>
            <file>file:/E:/netbeans/Bootstrap_Assignment/public_html/cart.html</file>
            <file>file:/E:/netbeans/Bootstrap_Assignment/public_html/product.html</file>
            <file>file:/E:/netbeans/Bootstrap_Assignment/public_html/style.css</file>
            <file>file:/E:/netbeans/Bootstrap_Assignment/public_html/success.html</file>
        </group>
    </open-files>
</project-private>
